id;code;name;description
1;Paradigm attitude-oriented Spur;invoice Ergonomic Plastic Shoes;syndicate ADP Locks
2;orchid;navigate Movies;override architectures navigating
3;program reintermediate RSS;THX indigo El Salvador Colon US Dollar;Home enable
4;deposit monitor utilisation;Fantastic Metal Fish Extensions;Senior 5th generation
5;Azerbaijanian Manat bypassing;Borders attitude-oriented calculating;Implemented
6;next-generation Clothing Frozen;Health interface;Tunisia
7;24/7 sensor;Associate Iceland Syrian Pound;Springs
8;override;Frozen RAM;Movies navigate
9;leading-edge Ball synergies;encompassing;firewall Future-proofed withdrawal
10;Toys monitoring;Virgin Islands, British IB;Toys Internal multi-byte
