id;logdate;loghours;billhours;notes
1;2019-06-26T19:12:50;48250;16303;cross-platform circuit
2;2019-06-26T19:07:18;1606;2519;bypassing Jewelery Balboa US Dollar
3;2019-06-26T05:03:37;84327;43766;Optional
4;2019-06-26T11:25:46;50108;81712;Malaysia Designer Practical Granite Gloves
5;2019-06-26T11:06:13;48226;86264;Chips
6;2019-06-26T09:08:47;71441;55270;architect Fresh SAS
7;2019-06-27T00:34:18;67715;30978;dynamic SAS
8;2019-06-26T12:12:05;50151;79668;Fully-configurable
9;2019-06-26T13:20:58;93529;57174;parsing Investor Computers
10;2019-06-26T12:10:12;16281;5183;Andorra
